 ID-EVENTO;TITULO;PRECIO;GRATUITO;LARGA-DURACION;DIAS-SEMANA;DIAS-EXCLUIDOS;FECHA;FECHA-FIN;HORA;DESCRIPCION;CONTENT-URL;TITULO-ACTIVIDAD;URL-ACTIVIDAD;URL-INSTALACION;NOMBRE-INSTALACION;ACCESIBILIDAD-INSTALACION;CLASE-VIAL-INSTALACION;NOMBRE-VIA-INSTALACION;NUM-INSTALACION;DISTRITO-INSTALACION;BARRIO-INSTALACION;CODIGO-POSTAL-INSTALACION;COORDENADA-X;COORDENADA-Y;LATITUD;LONGITUD;TIPO;AUDIENCIA
50266171;"Ajedrez en los parques: Jornadas 2026";"";"1";"1";"V";"3/7/2026;10/7/2026;17/7/2026;24/7/2026;31/7/2026;7/8/2026;14/8/2026;21/8/2026;28/8/2026;";"2026-04-10 00:00:00.0";"2026-11-20 23:59:00.0";"16:30";"las jornadas están abiertas a todos los públicos, sin ningún tipo de restricciones, y son supervisadas por un monitor de ajedrez. La participación es gratuita, sin que sea necesario inscripción previa.";"http://www.madrid.es/sites/v/index.jsp?vgnextchannel=ca9671ee4a9eb410VgnVCM100000171f5a0aRCRD&vgnextoid=3047e1509792d910VgnVCM100000891ecb1aRCRD";"Actividades en otros espacios";"http://www.madrid.es/sites/v/index.jsp?vgnextchannel=ca9671ee4a9eb410VgnVCM100000171f5a0aRCRD&vgnextoid=f6b1e1c2ca0c7910VgnVCM1000001d4a900aRCRD";"http://www.madrid.es/sites/v/index.jsp?vgnextchannel=bfa48ab43d6bb410VgnVCM100000171f5a0aRCRD&vgnextoid=b53d8464dad45510VgnVCM1000001d4a900aRCRD";"Jardines de Pablo Sorozábal";"2";"CALLE";"PRINCIPE DE VERGARA";"139";"CHAMARTIN";"EL VISO";"28002";"442450";"4477329";"40.444631112841606";"-3.6786214824583503";"";""
50266634;"Ajedrez en los parques: Jornadas 2026";"";"1";"1";"S";"4/7/2026;11/7/2026;18/7/2026;25/7/2026;1/8/2026;8/8/2026;15/8/2026;22/8/2026;29/8/2026;";"2026-04-11 00:00:00.0";"2026-11-21 23:59:00.0";"11:30";"Las jornadas están abiertas a todos los públicos, sin ningún tipo de restricciones, y son supervisadas por un monitor de ajedrez. La participación es gratuita, sin que sea necesario inscripción previa.";"http://www.madrid.es/sites/v/index.jsp?vgnextchannel=ca9671ee4a9eb410VgnVCM100000171f5a0aRCRD&vgnextoid=9aa59e76dd92d910VgnVCM100000891ecb1aRCRD";"Actividades en otros espacios";"http://www.madrid.es/sites/v/index.jsp?vgnextchannel=ca9671ee4a9eb410VgnVCM100000171f5a0aRCRD&vgnextoid=f6b1e1c2ca0c7910VgnVCM1000001d4a900aRCRD";"http://www.madrid.es/sites/v/index.jsp?vgnextchannel=bfa48ab43d6bb410VgnVCM100000171f5a0aRCRD&vgnextoid=f4749c2d91fcb610VgnVCM1000001d4a900aRCRD";"Jardines de Gloria Fuertes";"2";"CALLE";"MADRE DE DIOS";"2";"CHAMARTIN";"NUEVA ESPAÑA";"28016";"442761";"4479202";"40.461517637696026";"-3.6751179007317614";"";""
50380484;"Barajas sobre ruedas";"";"1";"0";"";"";"2026-09-20 00:00:00.0";"2026-09-20 23:59:00.0";"";"";"http://www.madrid.es/sites/v/index.jsp?vgnextchannel=ca9671ee4a9eb410VgnVCM100000171f5a0aRCRD&vgnextoid=f336ccad5efff910VgnVCM200000f921e388RCRD";"Barajas sobre ruedas";"http://www.madrid.es/sites/v/index.jsp?vgnextchannel=ca9671ee4a9eb410VgnVCM100000171f5a0aRCRD&vgnextoid=ca94ccad5efff910VgnVCM200000f921e388RCRD";"";"";"";"";"";"";"";"";"";"";"";"";"";"/contenido/actividades/ActividadesDeportivas";"/usuario/Jovenes,/usuario/Niños"
50389309;"Campeonato del Mundo FIM. X-Trial Madrid 2026";"";"0";"0";"";"";"2026-11-28 00:00:00.0";"2026-11-28 23:59:00.0";"18:00";"";"http://www.madrid.es/sites/v/index.jsp?vgnextchannel=ca9671ee4a9eb410VgnVCM100000171f5a0aRCRD&vgnextoid=bf0aa7f03d240a10VgnVCM200000f921e388RCRD";"Campeonato del Mundo FIM. X-Trial Madrid 2026";"http://www.madrid.es/sites/v/index.jsp?vgnextchannel=ca9671ee4a9eb410VgnVCM100000171f5a0aRCRD&vgnextoid=9fb6ea75aa240a10VgnVCM200000f921e388RCRD";"";"";"";"";"";"";"";"";"";"";"";"";"";"/contenido/actividades/ActividadesDeportivas/Ciclismo";""
50407984;"Corre por los ODS 2026";"";"0";"0";"";"";"2026-09-27 00:00:00.0";"2026-09-27 23:59:00.0";"09:30";"";"http://www.madrid.es/sites/v/index.jsp?vgnextchannel=ca9671ee4a9eb410VgnVCM100000171f5a0aRCRD&vgnextoid=ce69100298580a10VgnVCM200000f921e388RCRD";"Corre por los ODS 2026";"http://www.madrid.es/sites/v/index.jsp?vgnextchannel=ca9671ee4a9eb410VgnVCM100000171f5a0aRCRD&vgnextoid=9b38100298580a10VgnVCM200000f921e388RCRD";"http://www.madrid.es/sites/v/index.jsp?vgnextchannel=bfa48ab43d6bb410VgnVCM100000171f5a0aRCRD&vgnextoid=0a57899a90c7e210VgnVCM2000000c205a0aRCRD";"Parque del Oeste";"2";"PASEO";"CAMOENS Y VALERO";"4";"MONCLOA-ARAVACA";"CASA DE CAMPO";"28008";"438237";"4475938";"40.43179642724134";"-3.7281634896577027";"/contenido/actividades/ActividadesDeportivas";"/usuario/PoblaciónGeneral"
50383839;"Cursos gratuitos de golf, tenis y pádel 2026-2027";"";"1";"1";"L,M,X,J,V,S,D";"";"2026-10-01 00:00:00.0";"2027-06-30 23:59:00.0";"";"";"http://www.madrid.es/sites/v/index.jsp?vgnextchannel=ca9671ee4a9eb410VgnVCM100000171f5a0aRCRD&vgnextoid=378ee0a8b0320a10VgnVCM200000f921e388RCRD";"Cursos gratuitos de golf, tenis y pádel 2026-2027";"http://www.madrid.es/sites/v/index.jsp?vgnextchannel=ca9671ee4a9eb410VgnVCM100000171f5a0aRCRD&vgnextoid=7b4399a05cf10a10VgnVCM200000f921e388RCRD";"";"";"";"";"";"";"";"";"";"";"";"";"";"/contenido/actividades/ActividadesDeportivas/Golf";"/usuario/Niños"
50392734;"Duatlón de Barajas";"";"1";"0";"";"";"2026-09-26 00:00:00.0";"2026-09-26 23:59:00.0";"09:00";"";"http://www.madrid.es/sites/v/index.jsp?vgnextchannel=ca9671ee4a9eb410VgnVCM100000171f5a0aRCRD&vgnextoid=ec457ec00a750a10VgnVCM200000f921e388RCRD";"";"";"http://www.madrid.es/sites/v/index.jsp?vgnextchannel=bfa48ab43d6bb410VgnVCM100000171f5a0aRCRD&vgnextoid=989d6ddd521d4310VgnVCM2000000c205a0aRCRD";"Instalación Deportiva Municipal Básica Gabriela Mistral";"0";"CALLE";"ARROYO DEL MONTE";"5";"FUENCARRAL-EL PARDO";"FUENTELARREINA";"28049";"437683";"4481905";"40.4855081729451";"-3.735278975476509";"/contenido/actividades/ActividadesDeportivas";""
50390712;"Fútbol Americano NFL: Cincinnati Bengals - Atlanta Falcons";"";"";"0";"";"";"2026-11-08 00:00:00.0";"2026-11-08 00:00:00.0";"00:00";"";"http://www.madrid.es/sites/v/index.jsp?vgnextchannel=ca9671ee4a9eb410VgnVCM100000171f5a0aRCRD&vgnextoid=d1e57937d0840a10VgnVCM100000891ecb1aRCRD";"Fútbol Americano NFL: Cincinnati Bengals - Atlanta Falcons";"http://www.madrid.es/sites/v/index.jsp?vgnextchannel=ca9671ee4a9eb410VgnVCM100000171f5a0aRCRD&vgnextoid=cb117937d0840a10VgnVCM100000891ecb1aRCRD";"http://www.madrid.es/sites/v/index.jsp?vgnextchannel=bfa48ab43d6bb410VgnVCM100000171f5a0aRCRD&vgnextoid=96fb79262ef5d010VgnVCM1000000b205a0aRCRD";"Estadio Santiago Bernabéu";"3";"AVENIDA";"CONCHA ESPINA";"1";"CHAMARTIN";"HISPANOAMERICA";"28036";"441618";"4478170";"40.45214975229475";"-3.688509249453467";"/contenido/actividades/ActividadesDeportivas";"/usuario/PoblaciónGeneral"
50389291;"Gran Premio de España de Fórmula 1";"";"0";"1";"V,S,D";"";"2026-09-11 00:00:00.0";"2026-09-13 23:59:00.0";"";"";"http://www.madrid.es/sites/v/index.jsp?vgnextchannel=ca9671ee4a9eb410VgnVCM100000171f5a0aRCRD&vgnextoid=4e2dde89eb240a10VgnVCM200000f921e388RCRD";"";"";"http://www.madrid.es/sites/v/index.jsp?vgnextchannel=bfa48ab43d6bb410VgnVCM100000171f5a0aRCRD&vgnextoid=6ebc7f0d23c5f010VgnVCM1000000b205a0aRCRD";"IFEMA MADRID. Institución Ferial de Madrid";"1";"AVENIDA";"PARTENON";"5";"BARAJAS";"CORRALEJOS";"28042";"447742";"4479473";"40.464291747886286";"-3.6163927643499956";"";"/usuario/PoblaciónGeneral"
50386232;"Half Madrid Triatlón 2026";"";"0";"0";"";"";"2026-09-27 00:00:00.0";"2026-09-27 23:59:00.0";"08:15";"";"http://www.madrid.es/sites/v/index.jsp?vgnextchannel=ca9671ee4a9eb410VgnVCM100000171f5a0aRCRD&vgnextoid=9e9a12c32e230a10VgnVCM100000891ecb1aRCRD";"";"";"http://www.madrid.es/sites/v/index.jsp?vgnextchannel=bfa48ab43d6bb410VgnVCM100000171f5a0aRCRD&vgnextoid=482a315919a9e210VgnVCM1000000b205a0aRCRD";"Parque de la Casa de Campo";"2";"PASEO";"PUERTA DEL ANGEL";"1";"MONCLOA-ARAVACA";"CASA DE CAMPO";"28011";"438050";"4474045";"40.41472407139105";"-3.7301857404819767";"/contenido/actividades/ActividadesDeportivas/CarrerasMaratones";""
50399626;"Ibercaja Madrid corre por Madrid 2026";"";"0";"0";"";"";"2026-09-20 00:00:00.0";"2026-09-20 23:59:00.0";"09:00";"";"http://www.madrid.es/sites/v/index.jsp?vgnextchannel=ca9671ee4a9eb410VgnVCM100000171f5a0aRCRD&vgnextoid=b312988065160a10VgnVCM200000f921e388RCRD";"Ibercaja Madrid corre por Madrid 2026";"http://www.madrid.es/sites/v/index.jsp?vgnextchannel=ca9671ee4a9eb410VgnVCM100000171f5a0aRCRD&vgnextoid=6c87a93f53160a10VgnVCM200000f921e388RCRD";"";"";"";"";"";"";"";"";"";"";"";"";"";"/contenido/actividades/ActividadesDeportivas/CarrerasMaratones";""
50393460;"Jornada de calistenia";"";"1";"0";"";"";"2026-09-27 00:00:00.0";"2026-09-27 23:59:00.0";"";"";"http://www.madrid.es/sites/v/index.jsp?vgnextchannel=ca9671ee4a9eb410VgnVCM100000171f5a0aRCRD&vgnextoid=1462be9a4ab50a10VgnVCM200000f921e388RCRD";"Jornada de calistenia";"http://www.madrid.es/sites/v/index.jsp?vgnextchannel=ca9671ee4a9eb410VgnVCM100000171f5a0aRCRD&vgnextoid=bebfbe9a4ab50a10VgnVCM200000f921e388RCRD";"http://www.madrid.es/sites/v/index.jsp?vgnextchannel=bfa48ab43d6bb410VgnVCM100000171f5a0aRCRD&vgnextoid=b86c79262ef5d010VgnVCM1000000b205a0aRCRD";"Centro Deportivo Municipal Barajas";"1";"AVENIDA";"LOGROÑO";"70";"BARAJAS";"ALAMEDA DE OSUNA";"28042";"450176";"4479315";"40.46301382809657";"-3.587693324074623";"/contenido/actividades/ActividadesDeportivas";"/usuario/Jovenes"
50380495;"Jornada familiar de golf";"";"1";"0";"";"";"2026-09-23 00:00:00.0";"2026-09-23 23:59:00.0";"";"";"http://www.madrid.es/sites/v/index.jsp?vgnextchannel=ca9671ee4a9eb410VgnVCM100000171f5a0aRCRD&vgnextoid=615c2371effff910VgnVCM200000f921e388RCRD";"Jornada familiar de golf";"http://www.madrid.es/sites/v/index.jsp?vgnextchannel=ca9671ee4a9eb410VgnVCM100000171f5a0aRCRD&vgnextoid=931b2371effff910VgnVCM200000f921e388RCRD";"http://www.madrid.es/sites/v/index.jsp?vgnextchannel=bfa48ab43d6bb410VgnVCM100000171f5a0aRCRD&vgnextoid=198d38d60b41c010VgnVCM2000000c205a0aRCRD";"Campo de Golf del Centro Nacional de Golf";"3";"CALLE";"ARROYO DEL MONTE";"5";"FUENCARRAL-EL PARDO";"FUENTELARREINA";"28049";"437683";"4481905";"40.4855081729451";"-3.735278975476509";"/contenido/actividades/ActividadesDeportivas";"/usuario/Jovenes,/usuario/Niños"
50380458;"Jornadas de Parkour";"";"1";"0";"";"";"2026-09-12 00:00:00.0";"2026-09-12 23:59:00.0";"";"";"http://www.madrid.es/sites/v/index.jsp?vgnextchannel=ca9671ee4a9eb410VgnVCM100000171f5a0aRCRD&vgnextoid=cf30e5f7ccfff910VgnVCM200000f921e388RCRD";"Jornadas de parkour";"http://www.madrid.es/sites/v/index.jsp?vgnextchannel=ca9671ee4a9eb410VgnVCM100000171f5a0aRCRD&vgnextoid=f9ace5f7ccfff910VgnVCM200000f921e388RCRD";"http://www.madrid.es/sites/v/index.jsp?vgnextchannel=bfa48ab43d6bb410VgnVCM100000171f5a0aRCRD&vgnextoid=1f599f50bc408810VgnVCM1000001d4a900aRCRD";"Instalación Deportiva Municipal Básica Alameda de Osuna II";"2";"PASEO";"ALAMEDA DE OSUNA";"26";"BARAJAS";"ALAMEDA DE OSUNA";"28042";"449096";"4478349";"40.45425391757006";"-3.600336224968592";"/contenido/actividades/ActividadesDeportivas";"/usuario/Jovenes,/usuario/Niños"
50380459;"Jornadas de Parkour";"";"1";"0";"";"";"2026-09-26 00:00:00.0";"2026-09-26 23:59:00.0";"";"";"http://www.madrid.es/sites/v/index.jsp?vgnextchannel=ca9671ee4a9eb410VgnVCM100000171f5a0aRCRD&vgnextoid=9040e5f7ccfff910VgnVCM200000f921e388RCRD";"Jornadas de parkour";"http://www.madrid.es/sites/v/index.jsp?vgnextchannel=ca9671ee4a9eb410VgnVCM100000171f5a0aRCRD&vgnextoid=f9ace5f7ccfff910VgnVCM200000f921e388RCRD";"http://www.madrid.es/sites/v/index.jsp?vgnextchannel=bfa48ab43d6bb410VgnVCM100000171f5a0aRCRD&vgnextoid=1f599f50bc408810VgnVCM1000001d4a900aRCRD";"Instalación Deportiva Municipal Básica Alameda de Osuna II";"2";"PASEO";"ALAMEDA DE OSUNA";"26";"BARAJAS";"ALAMEDA DE OSUNA";"28042";"449096";"4478349";"40.45425391757006";"-3.600336224968592";"/contenido/actividades/ActividadesDeportivas";"/usuario/Jovenes,/usuario/Niños"
50352544;"Open de España presented by Madrid 2026";"";"";"1";"L,M,X";"";"2026-10-08 00:00:00.0";"2026-10-11 00:00:00.0";"";"";"http://www.madrid.es/sites/v/index.jsp?vgnextchannel=ca9671ee4a9eb410VgnVCM100000171f5a0aRCRD&vgnextoid=43a05daa0f12f910VgnVCM100000891ecb1aRCRD";"Open de España presented by Madrid 2026";"http://www.madrid.es/sites/v/index.jsp?vgnextchannel=ca9671ee4a9eb410VgnVCM100000171f5a0aRCRD&vgnextoid=07585daa0f12f910VgnVCM100000891ecb1aRCRD";"http://www.madrid.es/sites/v/index.jsp?vgnextchannel=bfa48ab43d6bb410VgnVCM100000171f5a0aRCRD&vgnextoid=ef93827a9e41c010VgnVCM2000000c205a0aRCRD";"Club de Campo Villa de Madrid";"3";"CARRETERA";"CASTILLA";"12";"MONCLOA-ARAVACA";"CIUDAD UNIVERSITARIA";"28040";"437015";"4476728";"40.43882337027629";"-3.7426495421854256";"/contenido/actividades/ActividadesDeportivas";"/usuario/PoblaciónGeneral"
50380452;"Taller BMX PumpTrack";"";"1";"0";"";"";"2026-09-12 00:00:00.0";"2026-09-12 23:59:00.0";"10:00";"";"http://www.madrid.es/sites/v/index.jsp?vgnextchannel=ca9671ee4a9eb410VgnVCM100000171f5a0aRCRD&vgnextoid=a1fae5f7ccfff910VgnVCM200000f921e388RCRD";"Taller BMX PumpTrack";"http://www.madrid.es/sites/v/index.jsp?vgnextchannel=ca9671ee4a9eb410VgnVCM100000171f5a0aRCRD&vgnextoid=86371f199afff910VgnVCM200000f921e388RCRD";"http://www.madrid.es/sites/v/index.jsp?vgnextchannel=bfa48ab43d6bb410VgnVCM100000171f5a0aRCRD&vgnextoid=ad2ecb9390508810VgnVCM2000001f4a900aRCRD";"Instalación Deportiva Municipal Básica Bike Park BMX";"1";"CALLE";"MISTRAL";"53";"BARAJAS";"TIMON";"28042";"449552";"4480174";"40.47072013500581";"-3.595107085710263";"/contenido/actividades/ActividadesDeportivas";"/usuario/Jovenes,/usuario/Niños"
50380478;"Taller de waterpolo";"";"1";"0";"";"";"2026-09-12 00:00:00.0";"2026-09-12 23:59:00.0";"";"";"http://www.madrid.es/sites/v/index.jsp?vgnextchannel=ca9671ee4a9eb410VgnVCM100000171f5a0aRCRD&vgnextoid=380eccad5efff910VgnVCM200000f921e388RCRD";"Taller de waterpolo";"http://www.madrid.es/sites/v/index.jsp?vgnextchannel=ca9671ee4a9eb410VgnVCM100000171f5a0aRCRD&vgnextoid=009bccad5efff910VgnVCM200000f921e388RCRD";"http://www.madrid.es/sites/v/index.jsp?vgnextchannel=bfa48ab43d6bb410VgnVCM100000171f5a0aRCRD&vgnextoid=791cf0388f0ee810VgnVCM2000001f4a900aRCRD";"Centro Deportivo Municipal Mistral";"1";"CALLE";"MISTRAL";"4";"BARAJAS";"TIMON";"28042";"449368";"4480464";"40.473321985273365";"-3.597297143178447";"/contenido/actividades/ActividadesDeportivas";"/usuario/Jovenes,/usuario/Niños"
50373854;"Tarde de bicis";"";"1";"0";"";"";"2026-09-15 00:00:00.0";"2026-09-15 23:59:00.0";"17:00";"Desde el Punto Juvenil, queremos tener una tarde diferente. Se el más rápido y reserva tu plaza.";"http://www.madrid.es/sites/v/index.jsp?vgnextchannel=ca9671ee4a9eb410VgnVCM100000171f5a0aRCRD&vgnextoid=b217060d607bf910VgnVCM100000891ecb1aRCRD";"Punto Juvenil Moratalaz";"http://www.madrid.es/sites/v/index.jsp?vgnextchannel=ca9671ee4a9eb410VgnVCM100000171f5a0aRCRD&vgnextoid=8085b9caeee3e910VgnVCM200000f921e388RCRD";"";"";"";"";"";"";"";"";"";"";"";"";"";"/contenido/actividades/ActividadesDeportivas/Ciclismo";"/usuario/Jovenes"
50380468;"Torneo familiar de petanca";"";"1";"0";"";"";"2026-09-12 00:00:00.0";"2026-09-12 23:59:00.0";"11:00";"";"http://www.madrid.es/sites/v/index.jsp?vgnextchannel=ca9671ee4a9eb410VgnVCM100000171f5a0aRCRD&vgnextoid=d4c4e5f7ccfff910VgnVCM200000f921e388RCRD";"Torneo familiar de petanca";"http://www.madrid.es/sites/v/index.jsp?vgnextchannel=ca9671ee4a9eb410VgnVCM100000171f5a0aRCRD&vgnextoid=6e41e5f7ccfff910VgnVCM200000f921e388RCRD";"http://www.madrid.es/sites/v/index.jsp?vgnextchannel=bfa48ab43d6bb410VgnVCM100000171f5a0aRCRD&vgnextoid=acda62a9470e1110VgnVCM1000000b205a0aRCRD";"Instalación Deportiva Municipal Básica Alhaurín";"1";"CALLE";"ALHAURIN";"6";"BARAJAS";"TIMON";"28042";"450357";"4480479";"40.47351067334567";"-3.585649589064375";"/contenido/actividades/ActividadesDeportivas";"/usuario/Jovenes,/usuario/Niños"
50393260;"VI Marcha ciclista";"";"1";"0";"";"";"2026-09-20 00:00:00.0";"2026-09-20 23:59:00.0";"10:00";"";"http://www.madrid.es/sites/v/index.jsp?vgnextchannel=ca9671ee4a9eb410VgnVCM100000171f5a0aRCRD&vgnextoid=d50ddbd36c750a10VgnVCM100000891ecb1aRCRD";"";"";"";"";"";"";"";"";"";"";"";"";"";"";"";"/contenido/actividades/ActividadesDeportivas";""
50405793;"XVI Carrera Menudos Corazones 2026 - Bimbo Global Race";"";"0";"0";"";"";"2026-09-27 00:00:00.0";"2026-09-27 23:59:00.0";"09:30";"";"http://www.madrid.es/sites/v/index.jsp?vgnextchannel=ca9671ee4a9eb410VgnVCM100000171f5a0aRCRD&vgnextoid=27909e13a3b70a10VgnVCM100000891ecb1aRCRD";"XVI Carrera Menudos Corazones 2026 - Bimbo Global Race";"http://www.madrid.es/sites/v/index.jsp?vgnextchannel=ca9671ee4a9eb410VgnVCM100000171f5a0aRCRD&vgnextoid=9227edaca1b70a10VgnVCM100000891ecb1aRCRD";"http://www.madrid.es/sites/v/index.jsp?vgnextchannel=bfa48ab43d6bb410VgnVCM100000171f5a0aRCRD&vgnextoid=8d9a78a0dea9e210VgnVCM1000000b205a0aRCRD";"Parque Juan Carlos I";"2";"GLORIETA";"S.A.R. DON JUAN DE BORBON Y BATTEMBERG, 5";"5";"BARAJAS";"CORRALEJOS";"28042";"447867";"4478996";"40.45999848510341";"-3.6148888706303586";"/contenido/actividades/ActividadesDeportivas/CarrerasMaratones";""
50406352;"XVII Carrera Madrid-Segovia";"";"0";"0";"";"";"2026-09-19 00:00:00.0";"2026-09-19 23:59:00.0";"05:00";"";"http://www.madrid.es/sites/v/index.jsp?vgnextchannel=ca9671ee4a9eb410VgnVCM100000171f5a0aRCRD&vgnextoid=af8c8e5b6ff70a10VgnVCM200000f921e388RCRD";"";"";"";"";"";"";"";"";"";"";"";"";"";"";"";"/contenido/actividades/ActividadesDeportivas/CarrerasMaratones";""
50404391;"XVII Carrera Popular del Corazón 2026";"";"0";"0";"";"";"2026-09-26 00:00:00.0";"2026-09-26 23:59:00.0";"09:00";"";"http://www.madrid.es/sites/v/index.jsp?vgnextchannel=ca9671ee4a9eb410VgnVCM100000171f5a0aRCRD&vgnextoid=ec961a2ccdb60a10VgnVCM100000891ecb1aRCRD";"";"";"";"";"";"";"";"";"";"";"";"";"";"";"";"/contenido/actividades/ActividadesDeportivas/CarrerasMaratones";""
50389002;"XVIII Carrera Popular de Tetuán";"";"1";"0";"";"";"2026-09-27 00:00:00.0";"2026-09-27 23:59:00.0";"09:00";"";"http://www.madrid.es/sites/v/index.jsp?vgnextchannel=ca9671ee4a9eb410VgnVCM100000171f5a0aRCRD&vgnextoid=a1cc4304dd140a10VgnVCM100000891ecb1aRCRD";"";"";"";"";"";"";"";"";"";"";"";"";"";"";"";"/contenido/actividades/ActividadesDeportivas";""
