MXASSETNUM,C,12;DESCRIPTIO,C,105;MINTDISTRI,C,20;NOMBRE_DIS,C,25;MINTBARRIO,C,10;NOMBRE_BAR,C,50;INSTALLDAT,D;MINTTIPOVI,C,15;MINTNOMBRE,C,254;MINTNUMERO,C,25;MINTNDP,C,20;TIPO,C,254;TOTAL_ELEM,N,10,0;ESTADO,C,50
52211;D1750-Deportivas - CALLE DE LA ESTEFANITA 62;17;VILLAVERDE;173;BUTARQUE;;CALLE;ESTEFANITA;62;20166946;CDE;7;ACTIVO
52122;D1251-Deportiva - CALLE DE BEASAIN 45;12;USERA;121;ORCASITAS;01/08/13;CALLE;BEASAIN;45;31030933;CDE;16;ACTIVO
52130;D1350-Deportiva- AVENIDA DE MIGUEL HERNANDEZ 11;13;PUENTE DE VALLECAS;134;PALOMERAS SURESTE;01/08/13;AVENIDA;MIGUEL HERNANDEZ;11;31045393;CDE;6;ACTIVO
52134;D1354-Deportiva- CALLE DE LEON FELIPE 20;13;PUENTE DE VALLECAS;134;PALOMERAS SURESTE;01/08/13;CALLE;LEON FELIPE;20;11096567;CDE;10;ACTIVO
52141;D1453-Deportiva- CALLE DE ATENAS 6B;14;MORATALAZ;141;PAVONES;01/08/13;CALLE;ATENAS;6B;20129222;CDE;8;ACTIVO
52108;D1150-Deportiva - AUTOVIA  A-42 500SA;11;CARABANCHEL;117;ABRANTES;;AUTOVIA;A-42;500SA;31031213;CDE;36;ACTIVO
52110;D1152-Deportiva - CALLE DEL HALCONERO DEL REY;11;CARABANCHEL;116;BUENAVISTA;;AVENIDA;EURO;12A;31045888;CDE;20;ACTIVO
52111;D1153-Deportiva - CALLE DE FERNANDO DELGADO 8;11;CARABANCHEL;114;VISTA ALEGRE;;CALLE;FERNANDO DELGADO;8;11074893;CDE;6;ACTIVO
52121;D1250-Deportiva - AV. DE LOS POBLADOS, 169;12;USERA;127;PRADOLONGO;01/08/13;AVENIDA;POBLADOS;169;31007159;CDE;6;ACTIVO
52212;D1751-Deportiva - CALLE DE BURJASOT 10;17;VILLAVERDE;172;SAN CRISTOBAL;;CALLE;BURJASOT;6;11126090;CDE;5;ACTIVO
52213;D1753-Deportiva - CALLE DE LA TABERNERA DEL PUERTO 25;17;VILLAVERDE;175;LOS ANGELES;05/04/15;CALLE;LA TABERNERA DEL PUERTO;25;31053320;CDE;3;ACTIVO
52214;D1754-Deportiva - CALLE DE LA TABERNERA DEL PUERTO 69;17;VILLAVERDE;175;LOS ANGELES;05/04/15;CALLE;LA TABERNERA DEL PUERTO;71;31055514;CDE;5;ACTIVO
52215;D1755-Deportiva - CALLE DE LA CANCION DEL OLVIDO 52;17;VILLAVERDE;175;LOS ANGELES;05/04/15;CALLE;LA CANCION DEL OLVIDO;50;11129068;CDE;11;ACTIVO
3569421;D0652-Deportiva- GENERAL PERÓN 5;06;TETUAN;062;CUATRO CAMINOS;01/07/01;AVENIDA;GENERAL PERON;5;11029966;CDE;4;ACTIVO
52123;D1252-Deportiva -CALLE DEL SIMCA 6;12;USERA;121;ORCASITAS;01/08/13;CALLE;SIMCA;6;31001162;CDE;6;ACTIVO
52139;D1451-Deportiva - CALLE DE LA FUENTE CARRANTONA 61;14;MORATALAZ;142;HORCAJO;01/08/13;CALLE;FUENTE CARRANTONA;61;31041857;CDE;14;ACTIVO
4749891;D1551-Deportivo-C VIRGEN DE LLUC 30;15;CIUDAD LINEAL;154;CONCEPCION;01/01/18;CALLE;VIRGEN DE LLUC;30;11109505;CDE;8;ACTIVO
4990656;D0452-Deportiva;04;SALAMANCA;044;GUINDALERA;14/01/19;AVENIDA;BRASILIA;4;31026006;CDE;15;ACTIVO
1118673;D0651-Deportiva- C/ BRAVO MURILLO 107;06;TETUAN;061;BELLAS VISTAS;03/10/16;CALLE;BRAVO MURILLO;107;31050041;CDE;4;ACTIVO
3573466;D1856-Deportiva- CARRETERA DE VILLAVERDE A VALLECAS 289;18;VILLA DE VALLECAS;181;CASCO H.VALLECAS;20/10/13;CARRETERA;VILLAVERDE A VALLECAS;289;20180908;CDE;10;ACTIVO
52045;M0307-Mayores;03;RETIRO;032;ADELFAS;01/01/14;CALLE;FEDERICO MORENO TORROBA;9;31022068;CDE;2;ACTIVO
3568708;D0950-Deportiva;09;MONCLOA-ARAVACA;097;ARAVACA;25/01/06;CALLE;ESCULTOR PERESEJO;60;20063772;CDE;2;ACTIVO
52096;D1050-Deportiva;10;LATINA;103;LUCERO;;CALLE;CONCEJAL FRANCISCO JOSE JIMENEZ MARTIN;180;20086608;CDE;1;ACTIVO
451569;D1051-Deportiva;10;LATINA;101;LOS CARMENES;;CALLE;CONCEJAL FRANCISCO JOSE JIMENEZ MARTIN;5;31012806;CDE;3;ACTIVO
451542;D1056-Deportiva;10;LATINA;103;LUCERO;;CALLE;CUART DE POBLET;19;31016351;CDE;8;ACTIVO
451442;D1053-Deportiva;10;LATINA;107;LAS AGUILAS;;CALLE;ROMPEDIZO;15;31008043;CDE;6;ACTIVO
451521;D1054-Deportiva;10;LATINA;104;ALUCHE;;PASEO;EXTREMADURA;351;11068877;CDE;11;ACTIVO
3568959;D0451-Deportiva;04;SALAMANCA;044;GUINDALERA;01/06/17;AVENIDA;BRASILIA;6;31026007;CDE;6;ACTIVO
3568179;D2151-Deportivo-PASEO ALAMEDA DE OSUNA 8;21;BARAJAS;211;ALAMEDA DE OSUNA;01/08/13;PASEO;ALAMEDA DE OSUNA;8;31036783;CDE;16;ACTIVO
3568219;D2153-Deportivo-C MISTRAL 35;21;BARAJAS;214;TIMON;01/08/13;CALLE;MISTRAL;35;31046538;CDE;74;ACTIVO
3569055;D2150-Deportivo-C NORAY 8;21;BARAJAS;211;ALAMEDA DE OSUNA;01/08/13;CALLE;NORAY;8;20047410;CDE;29;ACTIVO
3569210;D0854-Deportiva;08;FUENCARRAL-EL PARDO;087;MIRASIERRA;09/10/17;CALLE;MARIA DE MAEZTU;108;31052003;CDE;9;ACTIVO
52151;D1550-Deportivo-C FELIX RODRIGUEZ DE LA FUENTE 89;15;CIUDAD LINEAL;151;VENTAS;01/01/04;CALLE;FELIX RODRIGUEZ DE LA FUENTE;89;20104887;CDE;13;ACTIVO
52042;D0250- Deportiva;02;ARGANZUELA;024;LEGAZPI;;;;;20000301;CDE;14;ACTIVO
3573005;D1950-Deportivas - CALLE DE LA LADERA DE LOS ALMENDROS 14E;19;VICALVARO;192;VALDEBERNARDO;20/10/13;CALLE;LADERA DE LOS ALMENDROS;14E;20151600;CDE;9;ACTIVO
3573050;D1156-Deportiva - CALLE DE EL TOBOSO 25;11;CARABANCHEL;113;SAN ISIDRO;14/09/17;CALLE;EL TOBOSO;25;11073134;CDE;13;ACTIVO
3573208;D1854-Deportiva -CALLE DE MARIA TERESA LEON 1G;18;VILLA DE VALLECAS;183;ENSANCHE DE VALLECAS;20/10/13;CALLE;MARIA TERESA LEON;1G;31026567;CDE;3;ACTIVO
3573330;D1850-Deportiva-CALLE DE ZAZUAR 12;18;VILLA DE VALLECAS;182;SANTA EUGENIA;23/10/13;CALLE;ZAZUAR;12;31011883;CDE;31;ACTIVO
3573332;1855-Deportivas - CALLE DE POZA DE LA SAL 19;18;VILLA DE VALLECAS;182;SANTA EUGENIA;23/10/13;CALLE;POZA DE LA SAL;19;11131700;CDE;10;ACTIVO
3573331;D1851-Deportiva- CALLE DE POZA DE LA SAL 3;18;VILLA DE VALLECAS;182;SANTA EUGENIA;23/10/13;CALLE;POZA DE LA SAL;3;11131688;CDE;8;ACTIVO
3573333;D1853-Deportiva- CALLE DE BABILAFUENTE 2;18;VILLA DE VALLECAS;181;CASCO H.VALLECAS;20/10/13;CALLE;BABILAFUENTE;2;20170570;CDE;6;ACTIVO
3573350;D1852-Deportiva- CALLE DE BABILAFUENTE 1;18;VILLA DE VALLECAS;181;CASCO H.VALLECAS;20/10/13;CALLE;BABILAFUENTE;1;20170576;CDE;20;ACTIVO
3575530;D1650-Deportivo-C MAR ADRIATICO 7;16;HORTALEZA;164;PINAR DEL REY;01/01/04;CALLE;MAR ADRIATICO;7;20076191;CDE;6;ACTIVO
3575531;D1651-Deportivo-AV SAN LUIS 27;16;HORTALEZA;164;PINAR DEL REY;01/01/04;AVENIDA;SAN LUIS;27;31025308;CDE;10;ACTIVO
3573015;D1951-Deportiva- PASEO DEL POLIDEPORTIVO 148;19;VICALVARO;191;CASCO H.VICALVARO;23/10/13;PASEO;POLIDEPORTIVO;144;20064808;CDE;11;ACTIVO
451327;D1652-Deportivo-C RAFAELA APARICIO 2;16;HORTALEZA;166;VALDEFUENTES;01/01/04;CALLE;RAFAELA  APARICIO;2;31041690;CDE;8;ACTIVO
3568366;D1653-Deportivo-C BACARES 9;16;HORTALEZA;165;APOSTOL SANTIAGO;01/01/04;CALLE;BACARES;9;31017156;CDE;2;ACTIVO
451301;D1654-Deportivo-C TRIBALDOS 39;16;HORTALEZA;163;CANILLAS;01/01/04;CALLE;TRIBALDOS;39;31045337;CDE;8;ACTIVO
52138;D1450- Deportiva- CALLE  JOSE BERGAMIN, 26-28;14;MORATALAZ;143;MARROQUINA;01/08/13;AVENIDA;DOCTOR GARCIA TAPIA;123;11101400;CDE;9;ACTIVO
3573017;D1952-Deportiva-CALLE De CASALARREINA, 26D;19;VICALVARO;191;CASCO H.VICALVARO;20/10/13;AVENIDA;DAROCA;299;31041868;CDE;17;ACTIVO
3580427;D2050-Deportivo-C ESTOCOLMO 26;20;SAN BLAS-CANILLEJAS;205;ROSAS;01/01/04;CALLE;ESTOCOLMO;26;20128514;CDE;11;ACTIVO
3580429;D2052-Deportivo-AV INSTITUCION LIBRE DE ENSEÑANZA 139;20;SAN BLAS-CANILLEJAS;204;ARCOS;01/01/04;AVENIDA;INSTITUCION LIBRE DE ENSEÑANZA;139;11135557;CDE;5;ACTIVO
3580431;D2054-Deportivo-C ARCAUTE 2;20;SAN BLAS-CANILLEJAS;206;REJAS;01/01/04;CALLE;ARCAUTE;2;31010974;CDE;4;ACTIVO
3580428;D2051-Deportivo-C MIGUEL YUSTE 51;20;SAN BLAS-CANILLEJAS;201;SIMANCAS;01/01/04;CALLE;MIGUEL YUSTE;51;20042454;CDE;18;ACTIVO
3580430;D2053-Deportivo-C MANCHESTER 42;20;SAN BLAS-CANILLEJAS;205;ROSAS;01/01/04;CALLE;MANCHESTER;42;31046917;CDE;5;ACTIVO
60207;D1052-Deportiva;10;LATINA;103;LUCERO;;PASEO;EXTREMADURA;327;31034056;CDE;1;ACTIVO
3740686;D0551-Deportiva;05;CHAMARTIN;052;PROSPERIDAD;01/12/17;CALLE;PADRE CLARET;38;31041818;CDE;5;ACTIVO
52132;D1352-Deportiva- RONDA  SUR 8;13;PUENTE DE VALLECAS;131;ENTREVIAS;01/08/13;RONDA;SUR;8;31041849;CDE;7;ACTIVO
52131;D1351-Deportiva- AVENIDA  ENTREVIAS 92;13;PUENTE DE VALLECAS;131;ENTREVIAS;01/08/13;AVENIDA;ENTREVIAS;92;11088012;CDE;12;ACTIVO
52133;D1353-Deportiva- AVENIDA DE MIGUEL HERNANDEZ 98;13;PUENTE DE VALLECAS;134;PALOMERAS SURESTE;01/08/13;AVENIDA;MIGUEL HERNANDEZ;98;31046478;CDE;6;ACTIVO
52109;D1151-Deportiva - PASEO DE LA ERMITA DEL SANTO 76;11;CARABANCHEL;113;SAN ISIDRO;;PASEO;ERMITA DEL SANTO;74B;31048276;CDE;31;ACTIVO
3963526;D1752-Deportiva - AVENIDA DE LOS ROSALES 131;17;VILLAVERDE;173;BUTARQUE;18/12/13;AVENIDA;LOS ROSALES;131;31004577;CDE;14;ACTIVO
3971913;D1253-Deportiva - CALLE DE LA AÑAFIL 14;12;USERA;124;ALMENDRALES;08/02/16;CALLE;AÑAFIL;14;31009895;CDE;9;ACTIVO
4792788;D1956-Deportiva-  CALLE DE CORDEL DE PAVONES 9;19;VICALVARO;192;VALDEBERNARDO;07/12/17;CALLE;CORDEL DE PAVONES;9;31006992;CDE;8;ACTIVO
4792795;D1954-Deportiva- AUTOVIA  M-40 1500EX;19;VICALVARO;192;VALDEBERNARDO;20/12/17;AUTOVIA;M-40;1500EX;31031401;CDE;8;ACTIVO
4792806;D1955-Deportiva- CALLE DE CASALARREINA, 26D;19;VICALVARO;191;CASCO H.VICALVARO;12/12/17;AVENIDA;DAROCA;299;31041868;CDE;7;ACTIVO
4792812;D1957-Deportiva- CALLE DEL ABAD JUAN CATALAN 70;19;VICALVARO;191;CASCO H.VICALVARO;18/12/17;CALLE;ABAD JUAN CATALAN;70;31037333;CDE;8;ACTIVO
4794560;D0653 - Deportiva - AZCA;06;TETUAN;062;CUATRO CAMINOS;18/06/18;PASEO;CASTELLANA;75 B;20181752;CDE;9;ACTIVO
4795141;D1355- Deportiva- AVENIDA DE MIGUEL HERNANDEZ 48;13;PUENTE DE VALLECAS;134;PALOMERAS SURESTE;08/06/17;AVENIDA;MIGUEL HERNANDEZ;48;20035278;CDE;6;ACTIVO
4985933;D1857- Deportiva- POLIGONO UZP0104 ATALAYUELA, 152;18;VILLA DE VALLECAS;181;CASCO H.VALLECAS;01/06/18;CALLE;PERALES DEL RIO;14;31042406;CDE;6;ACTIVO
4986445;D1756-Deportiva - CALLE DE BENIFERRI 2;17;VILLAVERDE;172;SAN CRISTOBAL;30/11/18;CALLE;BENIFERRI;2;11126150;CDE;11;ACTIVO
4988134;D2154-Deportivo-PASEO ALAMEDA DE OSUNA 8;21;BARAJAS;211;ALAMEDA DE OSUNA;10/12/18;PASEO;ALAMEDA DE OSUNA;8;31036783;CDE;9;ACTIVO
4988206;D2155-Deportivo-C LA RIOJA 1;21;BARAJAS;211;ALAMEDA DE OSUNA;10/12/18;CALLE;LA RIOJA;1;11139649;CDE;9;ACTIVO
4988302;D1958- Deportiva- CALLE DEL ALTO DEL ESPARRAGAL 214;19;VICALVARO;194;EL CAÑAVERAL;20/12/18;CALLE;ALTO DEL ESPARRAGAL;214;31047359;CDE;9;ACTIVO
4988362;D0552-Deportiva;05;CHAMARTIN;052;PROSPERIDAD;20/12/18;CALLE;CORAZON DE MARIA;18;20120209;CDE;4;ACTIVO
451427;D0450-Deportiva;04;SALAMANCA;044;GUINDALERA;;AVENIDA;BRASILIA;33;11017892;CDE;10;ACTIVO
52070;D0650-Deportiva-PARQUE AGUSTIN RODRIGUEZ SAHAGUN (HUERTA OBISOPO);06;TETUAN;065;VALDEACEDERAS;22/02/06;;;;31028439;CDE;19;ACTIVO
4990288;D2055-Deportivo-CARRETERA ACCESO A LA ESTACION DE O'DONNELL 10;20;SAN BLAS-CANILLEJAS;206;REJAS;19/12/18;CARRETERA;ACCESO A LA ESTACION DE O'DONNELL;10;20167866;CDE;8;ACTIVO
451351;D0850-Deportiva;08;FUENCARRAL-EL PARDO;085;LA PAZ;01/12/14;AVENIDA;MONFORTE DE LEMOS;8;20095286;CDE;3;ACTIVO
451353;D0851-Deportiva;08;FUENCARRAL-EL PARDO;085;LA PAZ;01/12/15;AVENIDA;MONFORTE DE LEMOS;12;20095292;CDE;13;ACTIVO
3568711;D0852-Deportiva;08;FUENCARRAL-EL PARDO;085;LA PAZ;08/03/17;CALLE;PEDRO RICO;1;20103366;CDE;7;ACTIVO
5108019;D1655-Deportivo-C INFANTA CATALINA MICAELA 31;16;HORTALEZA;166;VALDEFUENTES;22/05/19;CALLE;INFANTA CATALINA MICAELA;31;31025797;CDE;8;ACTIVO
451531;D1055-Deportiva;10;LATINA;101;LOS CARMENES;;AVENIDA;CAPRICHOS;14;20148982;CDE;6;ACTIVO
5175231;D0855-Deportiva;08;FUENCARRAL-EL PARDO;086;VALVERDE;18/07/19;AVENIDA;LLANO CASTELLANO;3;11047058;CDE;5;ACTIVO
